Workbook

Sheet 使い方
B2: The Dungeon制作 モチベーショングラフ
B3: 2025/8/22〜2026/9/21のGit履歴(3DDungeonGame)から、制作の時系列を半月単位に復元しています。
B5: 1. 記入するセル(黄色)
B6: 「時系列」シートの 没頭度・苦痛度(0〜10)・状況/感情・なぜ と、コミットなし期間の作業内容。灰色のセルは自動計算なので触らなくてOKです。
B7: 点数を入れると「グラフ」シートに没頭度と苦痛度の2本線が描かれます。
B9: 2. 点数の目安
B10: まず最も没頭した時期を10、最もつらかった時期を10として決め、他の時期をその間に置きます。迷ったら直感で構いません(山と谷の位置が大事で、精度は不要)。
B11: 没頭度の目安:時間を忘れた/頼まれず自分で着手した/予定外に作業を延長した。 苦痛度の目安:先延ばしした/やめたくなった/何度もやり直した。
B12: 両方高い期間(苦しいのに夢中だった)があれば、そこが特に重要な手がかりです。
B14: 3. 深掘りの進め方
B15: 山(没頭度が高い)と谷(苦痛度が高い)を3〜5個ずつ選び、「深掘り」シートに書き出して「なぜ」を5回繰り返します。最後に共通点を「価値観・仮説」欄にまとめ、現在の核・軸と照合します。
B17: 4. データについての注意
... B24: 記入イメージ(例・数値は仮):期間「○○」/作業内容「△△の実装」/没頭度 7/苦痛度 3/状況・感情「設計が思い通りに組めて楽しかった」

Sheet 時系列
A1: 時系列とモチベーション(没頭度・苦痛度)
A2: 黄色のセルを記入してください(没頭度・苦痛度は0〜10の整数)。灰色は自動計算です。点数の目安は「使い方」シート参照。
A4: 期間 | B4: 作業内容(コミットから要約) | C4: 活動日数 | D4: コミット数 | E4: 深夜コミット数 | F4: 没頭度 | G4: 苦痛度 | H4: 状況・感情 | I4: なぜ(深掘り)
A5: 2025/07 (コミット前) | B5: (履歴なし)READMEの制作期間は「2025年7月〜」。この時期に何をしていたか(DirectX 12の学習など)を思い出して記入 | C5: =SUMPRODUCT((コミット一覧!$C$5:$C$148=$A5)/COUNTIFS(コミット一覧!$C$5:$C$148,コミット一覧!$C$5:$C$148,コミット一覧!$A$5:$A$148,コミット一覧!$A$5:$A$148)) -> 0 | D5: =COUNTIFS(コミット一覧!$C$5:$C$148,$A5) -> 0 | E5: =COUNTIFS(コミット一覧!$C$5:$C$148,$A5,コミット一覧!$E$5:$E$148,"○") -> 0
A6: 2025/08 後半 | B6: First Commit(8/22)、プロジェクト作成 | C6: =SUMPRODUCT((コミット一覧!$C$5:$C$148=$A6)/COUNTIFS(コミット一覧!$C$5:$C$148,コミット一覧!$C$5:$C$148,コミット一覧!$A$5:$A$148,コミット一覧!$A$5:$A$148)) -> 1 | D6: =COUNTIFS(コミット一覧!$C$5:$C$148,$A6) -> 2 | E6: =COUNTIFS(コミット一覧!$C$5:$C$148,$A6,コミット一覧!$E$5:$E$148,"○") -> 0
A7: 2025/09 前半 | B7: WinMainとデバイス作成 → 頂点バッファ・パイプラインステート・シェーダー → 画像貼り付け(9/4) → 2つのオブジェクト描画 → デプスステンシルバッファ → FBXをtxtへ変換(9/5) → 関数化(9/15) | C7: =SUMPRODUCT((コミット一覧!$C$5:$C$148=$A7)/COUNTIFS(コミット一覧!$C$5:$C$148,コミット一覧!$C$5:$C$148,コミット一覧!$A$5:$A$148,コミット一覧!$A$5:$A$148)) -> 5 | D7: =COUNTIFS(コミット一覧!$C$5:$C$148,$A7) -> 8 | E7: =COUNTIFS(コミット一覧!$C$5:$C$148,$A7,コミット一覧!$E$5:$E$148,"○") -> 4
A8: 2025/09 後半 | B8: 1メッシュ→2メッシュ描画(9/16) → 「ポリゴン表示できない」(9/20 22:46) → 「FBXの表示成功!!」(22:59) → Gameクラス → コンポーネント化(9/26) → 2Dスプライト・アニメ(9/27) → カメラ(9/30) | C8: =SUMPRODUCT((コミット一覧!$C$5:$C$148=$A8)/COUNTIFS(コミット一覧!$C$5:$C$148,コミット一覧!$C$5:$C$148,コミット一覧!$A$5:$A$148,コミット一覧!$A$5:$A$148)) -> 7 | D8: =COUNTIFS(コミット一覧!$C$5:$C$148,$A8) -> 18 | E8: =COUNTIFS(コミット一覧!$C$5:$C$148,$A8,コミット一覧!$E$5:$E$148,"○") -> 2
A9: 2025/10 前半 | B9: カメラ、光源の実装(10/13)、csoのコミット | C9: =SUMPRODUCT((コミット一覧!$C$5:$C$148=$A9)/COUNTIFS(コミット一覧!$C$5:$C$148,コミット一覧!$C$5:$C$148,コミット一覧!$A$5:$A$148,コミット一覧!$A$5:$A$148)) -> 2 | D9: =COUNTIFS(コミット一覧!$C$5:$C$148,$A9) -> 2 | E9: =COUNTIFS(コミット一覧!$C$5:$C$148,$A9,コミット一覧!$E$5:$E$148,"○") -> 0
A10: 2025/10 後半 | B10: (コミットなし)この期間に何をしていたか(開発以外も含む)を思い出して記入 | C10: =SUMPRODUCT((コミット一覧!$C$5:$C$148=$A10)/COUNTIFS(コミット一覧!$C$5:$C$148,コミット一覧!$C$5:$C$148,コミット一覧!$A$5:$A$148,コミット一覧!$A$5:$A$148)) -> 0 | D10: =COUNTIFS(コミット一覧!$C$5:$C$148,$A10) -> 0 | E10: =COUNTIFS(コミット一覧!$C$5:$C$148,$A10,コミット一覧!$E$5:$E$148,"○") -> 0
A11: 2025/11 前半 | B11: ライトテスト → 点光源の光強度 → 複数光源 → スポットライト → 「ライト関連は一旦完成」(11/10) | C11: =SUMPRODUCT((コミット一覧!$C$5:$C$148=$A11)/COUNTIFS(コミット一覧!$C$5:$C$148,コミット一覧!$C$5:$C$148,コミット一覧!$A$5:$A$148,コミット一覧!$A$5:$A$148)) -> 5 | D11: =COUNTIFS(コミット一覧!$C$5:$C$148,$A11) -> 8 | E11: =COUNTIFS(コミット一覧!$C$5:$C$148,$A11,コミット一覧!$E$5:$E$148,"○") -> 0
A12: 2025/11 後半 | B12: (コミットなし)この期間に何をしていたか(開発以外も含む)を思い出して記入 | C12: =SUMPRODUCT((コミット一覧!$C$5:$C$148=$A12)/COUNTIFS(コミット一覧!$C$5:$C$148,コミット一覧!$C$5:$C$148,コミット一覧!$A$5:$A$148,コミット一覧!$A$5:$A$148)) -> 0 | D12: =COUNTIFS(コミット一覧!$C$5:$C$148,$A12) -> 0 | E12: =COUNTIFS(コミット一覧!$C$5:$C$148,$A12,コミット一覧!$E$5:$E$148,"○") -> 0
A13: 2025/12 前半 | B13: Direct2Dでテキスト表示を実装(12/10) → fontTextComponentを削除(12/11) | C13: =SUMPRODUCT((コミット一覧!$C$5:$C$148=$A13)/COUNTIFS(コミット一覧!$C$5:$C$148,コミット一覧!$C$5:$C$148,コミット一覧!$A$5:$A$148,コミット一覧!$A$5:$A$148)) -> 2 | D13: =COUNTIFS(コミット一覧!$C$5:$C$148,$A13) -> 2 | E13: =COUNTIFS(コミット一覧!$C$5:$C$148,$A13,コミット一覧!$E$5:$E$148,"○") -> 0
A14: 2025/12 後半 | B14: ローカルのtranslate/rotate/scaleに対応、光の処理を修正(12/16) → メッセージウィンドウ(12/28) → マップタイル・移動(12/30) → オブジェクト生成 | C14: =SUMPRODUCT((コミット一覧!$C$5:$C$148=$A14)/COUNTIFS(コミット一覧!$C$5:$C$148,コミット一覧!$C$5:$C$148,コミット一覧!$A$5:$A$148,コミット一覧!$A$5:$A$148)) -> 3 | D14: =COUNTIFS(コミット一覧!$C$5:$C$148,$A14) -> 4 | E14: =COUNTIFS(コミット一覧!$C$5:$C$148,$A14,コミット一覧!$E$5:$E$148,"○") -> 0
A15: 2026/01 前半 | B15: (コミットなし)この期間に何をしていたか(開発以外も含む)を思い出して記入 | C15: =SUMPRODUCT((コミット一覧!$C$5:$C$148=$A15)/COUNTIFS(コミット一覧!$C$5:$C$148,コミット一覧!$C$5:$C$148,コミット一覧!$A$5:$A$148,コミット一覧!$A$5:$A$148)) -> 0 | D15: =COUNTIFS(コミット一覧!$C$5:$C$148,$A15) -> 0 | E15: =COUNTIFS(コミット一覧!$C$5:$C$148,$A15,コミット一覧!$E$5:$E$148,"○") -> 0
A16: 2026/01 後半 | B16: 体力、攻撃、消滅の実装(1/20)のみ | C16: =SUMPRODUCT((コミット一覧!$C$5:$C$148=$A16)/COUNTIFS(コミット一覧!$C$5:$C$148,コミット一覧!$C$5:$C$148,コミット一覧!$A$5:$A$148,コミット一覧!$A$5:$A$148)) -> 1 | D16: =COUNTIFS(コミット一覧!$C$5:$C$148,$A16) -> 1 | E16: =COUNTIFS(コミット一覧!$C$5:$C$148,$A16,コミット一覧!$E$5:$E$148,"○") -> 0
... A32: 2026/09 後半 | B32: 6/24の変更(遅延除去)をRevert(9/20) → 街への帰還を実装(9/21) | C32: =SUMPRODUCT((コミット一覧!$C$5:$C$148=$A32)/COUNTIFS(コミット一覧!$C$5:$C$148,コミット一覧!$C$5:$C$148,コミット一覧!$A$5:$A$148,コミット一覧!$A$5:$A$148)) -> 2 | D32: =COUNTIFS(コミット一覧!$C$5:$C$148,$A32) -> 2 | E32: =COUNTIFS(コミット一覧!$C$5:$C$148,$A32,コミット一覧!$E$5:$E$148,"○") -> 0
A34: ※8点以上は自動で色が付きます(没頭度=青、苦痛度=橙)。

Sheet グラフ
A1: モチベーショングラフ
A2: 「時系列」シートの没頭度・苦痛度を入力すると、上のグラフに線が描かれます。下は参考として、コミット数(活動量の目安)です。

Sheet 深掘り
A1: 深掘りシート(なぜ×5)
A2: 山(没頭度が高い)と谷(苦痛度が高い)の場面を選び、事実→「なぜ」の順に掘ります。1行目はイメージ用の例(仮)です。
A4: 山/谷 | B4: 場面(期間) | C4: 起きたこと(事実) | D4: なぜ① | E4: なぜ② | F4: なぜ③ | G4: なぜ④ | H4: なぜ⑤ | I4: 見えてきた価値観・仮説
A5: (例)山 | B5: (例)ある月の後半 | C5: (例)設計を組み直し、動作が安定した | D5: (例)結果が目に見えて変わったから | E5: (例)原因を自分で突き止められたから | F5: (例)… | G5: (例)… | H5: (例)… | I5: (例)…

Sheet コミット一覧
A1: コミット一覧(144件)
A2: 3DDungeonGameのGit履歴。Mergeコミットとstash自動コミットは除外。メモ欄(黄色)に当時の気持ちや覚えていることを書くと深掘りに使えます。
A4: 日付 | B4: 時刻 | C4: 期間 | D4: コミットメッセージ | E4: 深夜(0〜4時台) | F4: メモ(自由記入)
A5: 45891 | B5: 0.76180556 | C5: 2025/08 後半 | D5: First Commit | E5: =IF(HOUR(B5)<5,"○","")
A6: 45891 | B6: 0.77708333 | C6: 2025/08 後半 | D6: make project | E6: =IF(HOUR(B6)<5,"○","")
A7: 45903 | B7: 0.0041666667 | C7: 2025/09 前半 | D7: WinMainとデバイスの作成 | E7: =IF(HOUR(B7)<5,"○","") -> ○
A8: 45903 | B8: 0.12708333 | C8: 2025/09 前半 | D8: バーテックスバッファ、パイプラインステート、シェーダーの実装 | E8: =IF(HOUR(B8)<5,"○","") -> ○
A9: 45904 | B9: 0.075694444 | C9: 2025/09 前半 | D9: 画像貼り付けまで | E9: =IF(HOUR(B9)<5,"○","") -> ○
A10: 45904 | B10: 0.75138889 | C10: 2025/09 前半 | D10: 二つのオブジェクトを描画 | E10: =IF(HOUR(B10)<5,"○","")
A11: 45904 | B11: 0.77777778 | C11: 2025/09 前半 | D11: デプスステンシルバッファ完了 | E11: =IF(HOUR(B11)<5,"○","")
A12: 45905 | B12: 0.00069444444 | C12: 2025/09 前半 | D12: fbxファイルをtxtファイルへ変換できるようにした | E12: =IF(HOUR(B12)<5,"○","") -> ○
A13: 45912 | B13: 0.58055556 | C13: 2025/09 前半 | D13: デプスステンシルバッファ作製まで | E13: =IF(HOUR(B13)<5,"○","")
A14: 45915 | B14: 0.79930556 | C14: 2025/09 前半 | D14: 関数化完了 | E14: =IF(HOUR(B14)<5,"○","")
A15: 45916 | B15: 0.61527778 | C15: 2025/09 後半 | D15: 修正中 | E15: =IF(HOUR(B15)<5,"○","")
A16: 45916 | B16: 0.64513889 | C16: 2025/09 後半 | D16: 1メッシュの描画を可能に | E16: =IF(HOUR(B16)<5,"○","")
... A148: 46286 | B148: 0.84513889 | C148: 2026/09 後半 | D148: 街への帰還を実装 | E148: =IF(HOUR(B148)<5,"○","")
